STATE,Shape_Leng,Shape_Area
Mask,41548346.85390000045,97363321993600.00000000000
Utah,1972239.77864999999,219808632224.00000000000
